timestamp;open;high;low;close;_;volume;conteo;Bar color
2023-10-11 04:38:00;25541.4;25572.9;25541.2;25541.2;25561.2;0.02232731;21;red
2023-10-11 04:39:00;25555.6;25596.6;25554.0;25596.6;25557.6;0.18447097;32;green
2023-10-11 04:40:00;25599.6;25599.6;25561.8;25561.8;25580.6;0.05712957;20;red
2023-10-11 04:41:00;25563.5;25578.0;25563.5;25566.8;25574.6;0.04766527;23;green
2023-10-11 04:42:00;25577.0;25591.8;25577.0;25591.8;25581.2;0.00508425;6;green
2023-10-11 04:43:00;25589.0;25589.0;25587.3;25587.3;25587.3;0.25242698;2;red
2023-10-11 04:44:00;25603.4;25603.4;25590.2;25590.2;25590.2;0.64956891;2;red
2023-10-11 04:45:00;25603.2;25603.2;25592.7;25595.6;25598.5;0.01216185;6;red
2023-10-11 04:46:00;25587.2;25624.3;25587.2;25624.3;25607.0;27.24104291;12;green
2023-10-11 04:47:00;25625.0;25635.2;25625.0;25635.2;25634.8;0.96128355;6;green
2023-10-11 04:48:00;25633.1;25633.2;25621.6;25621.6;25622.3;0.18312155;5;red
2023-10-11 04:49:00;25630.7;25635.1;25606.9;25606.9;25627.3;0.08546456;8;red
2023-10-11 04:50:00;25611.5;25611.5;25600.2;25600.2;25608.1;0.00040000;3;red
2023-10-11 04:51:00;25601.6;25601.6;25588.3;25593.1;25599.0;2.16387704;10;red
2023-10-11 04:52:00;25594.9;25595.0;25592.4;25595.0;25592.7;0.13853523;7;green
2023-10-11 04:53:00;25597.5;25609.0;25597.5;25609.0;25606.9;0.03296738;7;green
2023-10-11 04:54:00;25614.0;25614.0;25598.7;25598.7;25611.3;0.00833854;3;red
2023-10-11 04:55:00;25598.7;25598.7;25576.2;25576.2;25583.6;4.51530052;11;red
2023-10-11 04:56:00;25578.1;25578.1;25576.3;25577.3;25577.4;0.00193867;5;red
2023-10-11 04:57:00;25579.7;25579.7;25576.1;25576.1;25576.7;0.00113803;3;red
2023-10-11 04:58:00;25575.1;25576.8;25571.8;25573.9;25574.5;0.00605182;9;red
2023-10-11 04:59:00;25571.8;25571.9;25571.7;25571.8;25571.8;0.21973254;6;green
2023-10-11 05:00:00;25575.0;25577.9;25567.1;25567.2;25569.7;0.04796246;19;red
2023-10-11 05:01:00;25567.2;25594.5;25564.1;25594.5;25590.7;2.35769471;10;green
2023-10-11 05:02:00;25594.5;25595.9;25589.9;25595.9;25595.7;0.00684389;3;green
2023-10-11 05:03:00;25604.3;25608.9;25594.5;25594.5;25594.5;0.11287956;5;red
2023-10-11 05:04:00;25587.0;25587.0;25586.7;25586.7;25586.7;0.00262155;3;red
2023-10-11 05:05:00;25582.1;25582.2;25563.9;25563.9;25579.8;0.33472784;15;red
2023-10-11 05:06:00;25563.9;25563.9;25563.6;25563.6;25563.7;0.00788687;7;red
2023-10-11 05:07:00;25563.7;25564.2;25560.6;25560.6;25560.8;0.08769554;7;red
2023-10-11 05:08:00;25560.6;25560.6;25532.6;25534.9;25547.1;0.00998335;10;red
2023-10-11 05:09:00;25548.3;25562.2;25548.3;25562.2;25551.0;0.01471655;13;green
2023-10-11 05:10:00;25568.9;25582.1;25568.9;25582.1;25574.7;0.01316477;5;green
2023-10-11 05:11:00;25582.1;25582.1;25574.2;25576.4;25581.4;0.01210501;7;red
2023-10-11 05:12:00;25571.8;25582.1;25571.8;25582.1;25581.9;0.04582289;7;green
2023-10-11 05:13:00;25590.7;25591.2;25586.9;25586.9;25587.8;0.00099891;4;red
2023-10-11 05:14:00;25573.7;25573.7;25560.3;25560.3;25567.2;0.00090000;5;red
2023-10-11 05:15:00;25559.0;25565.2;25557.1;25565.2;25563.2;0.00495474;4;green
2023-10-11 05:16:00;25565.2;25565.2;25560.0;25560.0;25560.3;0.07390000;6;red
2023-10-11 05:17:00;25564.4;25567.2;25564.4;25567.2;25566.8;0.00209663;3;green
2023-10-11 05:18:00;25567.0;25567.0;25556.5;25556.5;25562.5;0.02035211;8;red
2023-10-11 05:19:00;25562.2;25562.2;25562.2;25562.2;25562.2;0.00030000;2;green
2023-10-11 05:20:00;25565.0;25565.0;25557.5;25557.5;25558.8;0.00164743;4;red
2023-10-11 05:21:00;25555.5;25555.5;25549.5;25549.5;25553.2;0.00473128;13;red
2023-10-11 05:22:00;25549.5;25549.5;25529.5;25529.5;25543.2;0.01488969;12;red
2023-10-11 05:23:00;25529.6;25530.1;25526.8;25526.8;25527.5;0.19286689;21;red
2023-10-11 05:24:00;25524.9;25534.6;25521.5;25534.5;25532.5;0.08270456;20;green
2023-10-11 05:25:00;25534.6;25542.0;25534.6;25542.0;25541.5;0.05180617;5;green
2023-10-11 05:26:00;25542.1;25542.1;25520.0;25531.4;25525.3;0.10003030;13;red
2023-10-11 05:27:00;25539.2;25560.4;25539.1;25560.4;25539.1;0.09849542;5;green
2023-10-11 05:28:00;25560.9;25560.9;25558.8;25560.9;25559.0;0.00454191;4;green
2023-10-11 05:29:00;25561.0;25579.1;25561.0;25579.1;25575.7;0.05403855;10;green
2023-10-11 05:30:00;25579.1;25579.1;25565.1;25565.2;25569.4;0.02973595;7;red
2023-10-11 05:31:00;25561.3;25561.5;25555.3;25555.3;25555.4;0.05211261;6;red
2023-10-11 05:32:00;25539.9;25540.7;25535.7;25535.7;25535.9;0.15941304;7;red
2023-10-11 05:33:00;25522.5;25523.1;25519.7;25519.7;25520.0;0.03316798;10;red
2023-10-11 05:34:00;25519.8;25522.9;25518.2;25518.2;25519.7;0.07799105;13;red
2023-10-11 05:35:00;25517.1;25527.7;25501.8;25521.6;25515.0;0.56511419;45;green
2023-10-11 05:36:00;25517.1;25527.6;25516.9;25524.3;25525.7;0.02066548;9;green
2023-10-11 05:37:00;25523.0;25523.0;25506.4;25506.4;25518.6;0.01457248;13;red
2023-10-11 05:38:00;25506.4;25522.6;25506.4;25515.6;25519.0;3.22821695;7;green
2023-10-11 05:39:00;25517.9;25532.7;25517.9;25529.0;25519.8;3.44577016;13;green
2023-10-11 05:40:00;25528.7;25529.0;25520.4;25520.4;25527.5;0.89491417;8;red
2023-10-11 05:41:00;25520.2;25520.2;25510.1;25510.1;25511.5;0.04356123;5;red
2023-10-11 05:42:00;25510.1;25510.1;25501.0;25501.1;25508.9;0.29674912;15;red
2023-10-11 05:43:00;25501.1;25501.1;25499.2;25499.3;25500.5;9.83061563;190;red
2023-10-11 05:44:00;25499.3;25499.3;25492.3;25492.4;25493.7;0.05412240;13;red
2023-10-11 05:45:00;25492.3;25520.3;25492.2;25520.3;25519.3;0.02072425;6;green
2023-10-11 05:46:00;25524.1;25524.7;25522.1;25524.1;25523.9;0.07685191;7;green
2023-10-11 05:47:00;25526.2;25533.2;25526.2;25533.0;25529.7;0.01299887;6;green
2023-10-11 05:48:00;25532.8;25532.8;25532.4;25532.4;25532.4;0.00563004;2;red
2023-10-11 05:49:00;25542.0;25542.0;25532.7;25534.9;25533.9;0.03642547;9;red
2023-10-11 05:50:00;25534.9;25534.9;25512.3;25512.3;25517.7;0.00090868;3;red
2023-10-11 05:51:00;25516.5;25516.5;25498.0;25498.0;25504.8;0.00079200;3;red
2023-10-11 05:52:00;25492.7;25492.7;25480.4;25480.4;25485.8;0.17726301;24;red
2023-10-11 05:53:00;25480.4;25480.4;25480.4;25480.4;25480.4;0.01232895;4;green
2023-10-11 05:54:00;25518.3;25518.3;25501.2;25501.2;25502.3;0.01403159;7;red
2023-10-11 05:55:00;25500.1;25500.1;25489.2;25492.9;25492.6;0.00499704;7;red
2023-10-11 05:56:00;25500.0;25500.0;25488.5;25488.5;25493.5;0.72545593;11;red
2023-10-11 05:57:00;25488.5;25493.5;25481.0;25485.5;25491.0;0.05080914;9;red
2023-10-11 05:58:00;25493.0;25493.0;25487.4;25487.4;25489.0;0.00067094;2;red
2023-10-11 05:59:00;25485.3;25485.3;25480.4;25480.4;25480.4;0.02785123;5;red
2023-10-11 06:00:00;25480.4;25504.8;25437.4;25504.8;25460.7;4.51500735;122;green
2023-10-11 06:01:00;25504.9;25518.2;25504.9;25518.2;25505.6;0.16435618;10;green
2023-10-11 06:02:00;25518.2;25525.2;25498.6;25498.6;25518.5;1.22109449;19;red
2023-10-11 06:03:00;25498.0;25522.4;25498.0;25516.3;25512.1;2.12832215;8;green
2023-10-11 06:04:00;25519.8;25525.2;25519.8;25525.2;25522.4;0.00457596;4;green
2023-10-11 06:05:00;25525.1;25525.1;25508.2;25508.2;25516.8;0.05535372;7;red
2023-10-11 06:06:00;25508.2;25525.2;25508.2;25525.2;25512.8;0.05595116;16;green
2023-10-11 06:07:00;25525.2;25534.7;25522.6;25534.7;25527.4;0.07414444;15;green
2023-10-11 06:08:00;25532.0;25541.8;25532.0;25541.8;25536.1;0.01855666;9;green
2023-10-11 06:09:00;25542.0;25552.1;25537.2;25537.2;25542.1;0.09718847;13;red
2023-10-11 06:10:00;25535.9;25541.6;25532.4;25533.3;25533.7;0.07393627;12;red
2023-10-11 06:11:00;25536.0;25536.0;25536.0;25536.0;25536.0;0.00020000;1;green
2023-10-11 06:12:00;25540.4;25547.4;25540.4;25547.4;25545.3;0.01744415;12;green
2023-10-11 06:13:00;25539.3;25539.3;25528.5;25530.3;25533.0;0.01903241;17;red
2023-10-11 06:14:00;25530.4;25537.9;25530.4;25537.9;25533.1;0.03132601;3;green
2023-10-11 06:15:00;25546.3;25546.3;25546.3;25546.3;25546.3;0.00047400;2;green
2023-10-11 06:16:00;25556.7;25561.4;25556.7;25561.4;25560.2;0.00159370;4;green
2023-10-11 06:17:00;25561.5;25561.5;25555.0;25561.3;25561.4;0.11703274;10;red
2023-10-11 06:18:00;25561.3;25561.3;25561.2;25561.3;25561.2;0.00354833;3;green
2023-10-11 06:19:00;25561.3;25561.5;25553.9;25553.9;25560.1;0.00496436;5;red
2023-10-11 06:20:00;25549.8;25549.8;25541.2;25541.2;25543.4;0.03819171;5;red
2023-10-11 06:21:00;25535.5;25554.5;25535.5;25554.5;25553.0;0.02227130;5;green
2023-10-11 06:22:00;25551.4;25555.4;25551.4;25555.4;25554.0;0.00183078;5;green
2023-10-11 06:23:00;25554.4;25554.4;25553.3;25554.0;25554.3;0.00710879;4;red
2023-10-11 06:24:00;25554.0;25564.2;25554.0;25564.2;25559.4;0.04759243;7;green
2023-10-11 06:25:00;25564.3;25564.3;25563.8;25563.8;25564.0;0.00060366;3;red
2023-10-11 06:26:00;25560.5;25570.9;25560.5;25570.3;25567.9;0.91804539;19;green
2023-10-11 06:27:00;25570.3;25571.4;25570.3;25571.4;25571.1;0.00108200;2;green
2023-10-11 06:28:00;25571.5;25578.9;25571.5;25577.6;25576.6;0.00181063;6;green
2023-10-11 06:29:00;25577.2;25579.0;25577.2;25578.9;25578.3;0.00185012;4;green
2023-10-11 06:30:00;25579.0;25579.0;25576.9;25576.9;25577.7;0.05762361;14;red
2023-10-11 06:31:00;25574.6;25578.9;25570.2;25578.8;25571.6;0.08203553;7;green
2023-10-11 06:32:00;25578.6;25578.6;25575.2;25575.2;25575.5;0.01112059;6;red
2023-10-11 06:33:00;25577.2;25577.2;25572.2;25572.2;25574.7;0.23841034;6;red
2023-10-11 06:34:00;25573.6;25573.6;25561.3;25561.3;25570.4;0.02310478;3;red
2023-10-11 06:35:00;25561.3;25574.7;25561.2;25574.7;25562.6;0.09354967;10;green
2023-10-11 06:36:00;25573.7;25573.7;25562.9;25563.5;25563.1;0.01826921;8;red
2023-10-11 06:37:00;25565.3;25576.6;25562.0;25576.6;25564.2;0.01759559;9;green
2023-10-11 06:38:00;25576.7;25576.7;25572.2;25572.2;25576.2;0.04206513;7;red
2023-10-11 06:39:00;25572.2;25578.9;25570.6;25578.9;25571.6;0.17493402;6;green
2023-10-11 06:40:00;25579.0;25579.0;25563.3;25563.3;25568.6;0.07678932;6;red
2023-10-11 06:41:00;25563.3;25566.3;25563.2;25566.3;25565.7;0.63891732;18;green
2023-10-11 06:42:00;25566.3;25567.7;25566.1;25567.7;25567.4;0.00200312;4;green
2023-10-11 06:43:00;25563.3;25564.3;25563.3;25563.3;25563.5;0.05808901;6;green
2023-10-11 06:44:00;25563.3;25563.3;25563.3;25563.3;25563.3;0.05156904;6;green
2023-10-11 06:45:00;25567.1;25567.9;25565.7;25566.6;25566.4;0.04557935;5;red
2023-10-11 06:46:00;25572.5;25572.5;25567.3;25567.3;25568.8;0.00102419;3;red
2023-10-11 06:47:00;25573.0;25579.0;25573.0;25579.0;25578.8;0.00800336;8;green
2023-10-11 06:48:00;25579.0;25579.0;25574.7;25574.7;25578.3;0.01830505;7;red
2023-10-11 06:49:00;25579.0;25579.0;25569.9;25569.9;25574.6;0.07587159;12;red
2023-10-11 06:50:00;25568.7;25568.7;25568.7;25568.7;25568.7;0.00060021;4;green
2023-10-11 06:51:00;25572.1;25576.2;25571.7;25576.2;25573.0;0.00129976;3;green
2023-10-11 06:52:00;25572.7;25573.3;25570.4;25570.4;25571.7;0.07220000;5;red
2023-10-11 06:53:00;25570.4;25570.4;25567.6;25567.6;25567.8;0.00212670;2;red
2023-10-11 06:54:00;25571.1;25575.4;25571.1;25575.3;25575.0;0.00359985;4;green
2023-10-11 06:55:00;25575.4;25583.6;25575.3;25583.6;25581.9;0.74564361;23;green
2023-10-11 06:56:00;25583.6;25583.6;25582.8;25582.9;25582.8;0.25132325;11;red
2023-10-11 06:57:00;25583.7;25590.8;25583.7;25589.6;25590.0;0.78571149;8;green
2023-10-11 06:58:00;25589.6;25591.2;25589.5;25591.1;25590.0;0.56461785;13;green
2023-10-11 06:59:00;25591.1;25591.1;25587.1;25587.1;25589.6;0.44433626;8;red
2023-10-11 07:00:00;25587.1;25587.1;25582.9;25582.9;25585.0;0.42207057;27;red
2023-10-11 07:01:00;25582.9;25582.9;25580.5;25580.8;25581.7;0.02272004;9;red
2023-10-11 07:02:00;25580.2;25580.8;25577.1;25577.1;25580.6;0.31787866;21;red
2023-10-11 07:03:00;25577.1;25581.2;25577.0;25577.1;25578.1;0.03327650;13;green
2023-10-11 07:04:00;25577.1;25577.1;25552.2;25556.3;25567.6;1.28748711;30;red
2023-10-11 07:05:00;25556.3;25569.6;25553.2;25569.6;25566.5;0.01572704;14;green
2023-10-11 07:06:00;25569.6;25570.1;25564.0;25565.9;25565.7;0.03131964;17;red
2023-10-11 07:07:00;25565.8;25565.8;25557.6;25557.6;25565.4;0.10121767;15;red
2023-10-11 07:08:00;25557.6;25557.6;25547.3;25548.8;25552.1;0.48742372;25;red
2023-10-11 07:09:00;25548.8;25561.9;25547.7;25561.9;25548.8;0.03557374;15;green
2023-10-11 07:10:00;25561.9;25561.9;25561.0;25561.9;25561.2;0.04882512;17;green
2023-10-11 07:11:00;25561.9;25561.9;25555.0;25555.0;25559.0;0.00367149;14;red
2023-10-11 07:12:00;25555.1;25556.6;25555.1;25556.6;25555.1;0.21027974;17;green
2023-10-11 07:13:00;25556.6;25556.6;25556.2;25556.3;25556.2;0.07844025;15;red
2023-10-11 07:14:00;25556.3;25556.6;25556.2;25556.6;25556.3;0.00736956;12;green
2023-10-11 07:15:00;25556.6;25556.6;25556.5;25556.6;25556.5;0.02479819;18;green
2023-10-11 07:16:00;25556.6;25556.6;25546.8;25546.8;25553.1;0.03870974;13;red
2023-10-11 07:17:00;25547.2;25553.9;25546.5;25549.4;25549.3;0.00654778;15;green
2023-10-11 07:18:00;25549.4;25549.4;25544.2;25545.2;25544.5;0.02945925;11;red
2023-10-11 07:19:00;25545.2;25546.2;25544.0;25545.9;25544.6;0.04817269;29;green
2023-10-11 07:20:00;25546.4;25556.7;25546.4;25555.8;25556.3;0.12483209;40;green
2023-10-11 07:21:00;25555.8;25555.8;25544.2;25544.2;25546.6;0.17417268;57;red
2023-10-11 07:22:00;25544.2;25544.2;25527.5;25527.5;25537.4;0.27593352;74;red
2023-10-11 07:23:00;25526.7;25526.7;25518.4;25518.8;25522.6;0.06528274;61;red
2023-10-11 07:24:00;25518.8;25535.4;25518.8;25534.4;25530.7;0.21310516;59;green
2023-10-11 07:25:00;25534.2;25552.4;25534.2;25552.4;25537.4;0.01536227;8;green
2023-10-11 07:26:00;25551.2;25551.2;25550.2;25550.3;25550.3;0.09353023;11;red
2023-10-11 07:27:00;25550.3;25561.9;25550.3;25561.9;25556.0;0.03531047;9;green
2023-10-11 07:28:00;25561.9;25561.9;25553.9;25553.9;25561.4;0.09431324;10;red
2023-10-11 07:29:00;25558.8;25558.8;25558.8;25558.8;25558.8;0.00808447;6;green
2023-10-11 07:30:00;25561.9;25561.9;25553.9;25553.9;25558.7;0.09500674;12;red
2023-10-11 07:31:00;25544.3;25546.6;25544.0;25546.6;25546.5;0.64905991;11;green
2023-10-11 07:32:00;25546.6;25548.5;25546.6;25547.7;25546.6;0.31200997;5;green
2023-10-11 07:33:00;25548.3;25551.2;25546.6;25546.6;25548.4;0.03668205;4;red
2023-10-11 07:34:00;25546.5;25546.6;25533.3;25536.3;25542.0;0.77404286;19;red
2023-10-11 07:35:00;25541.9;25543.4;25541.9;25543.4;25542.6;0.02537055;5;green
2023-10-11 07:36:00;25545.8;25558.6;25545.8;25558.6;25550.5;0.07774286;8;green
2023-10-11 07:37:00;25561.8;25561.9;25561.7;25561.8;25561.8;0.00605023;6;green
2023-10-11 07:38:00;25561.9;25561.9;25561.9;25561.9;25561.9;0.03653563;4;green
2023-10-11 07:39:00;25561.8;25561.8;25554.4;25554.4;25558.3;0.05457391;6;red
2023-10-11 07:40:00;25554.5;25554.5;25549.9;25554.0;25550.7;0.04893311;4;red
2023-10-11 07:41:00;25562.4;25570.9;25562.4;25570.9;25565.7;0.20290779;5;green
2023-10-11 07:42:00;25570.1;25578.7;25570.1;25575.4;25574.0;0.08734897;10;green
2023-10-11 07:43:00;25574.4;25581.1;25574.4;25581.1;25577.3;0.00231731;4;green
2023-10-11 07:44:00;25578.3;25581.2;25578.3;25581.2;25579.0;0.43173569;8;green
2023-10-11 07:45:00;25582.3;25584.6;25582.3;25584.6;25582.5;0.11622175;7;green
2023-10-11 07:46:00;25584.7;25585.0;25584.7;25585.0;25584.9;0.01794830;7;green
2023-10-11 07:47:00;25584.9;25597.1;25584.9;25593.3;25589.8;0.15008411;12;green
2023-10-11 07:48:00;25593.9;25593.9;25591.2;25591.2;25591.2;0.04070800;4;red
2023-10-11 07:49:00;25587.2;25587.2;25585.0;25585.0;25587.0;0.97053967;10;red
2023-10-11 07:50:00;25585.0;25585.0;25576.0;25576.0;25579.5;0.22401614;15;red
2023-10-11 07:51:00;25575.9;25575.9;25560.2;25562.1;25566.1;0.26188851;9;red
2023-10-11 07:52:00;25567.2;25567.2;25564.5;25564.5;25564.5;0.35275269;8;red
2023-10-11 07:53:00;25564.4;25564.5;25564.4;25564.5;25564.4;0.13564367;7;green
2023-10-11 07:54:00;25564.4;25564.5;25564.4;25564.5;25564.4;0.06483893;8;green
2023-10-11 07:55:00;25565.0;25565.0;25565.0;25565.0;25565.0;0.00410521;2;green
2023-10-11 07:56:00;25565.0;25576.3;25565.0;25576.3;25569.5;0.02541729;8;green
2023-10-11 07:57:00;25576.1;25578.7;25576.1;25578.7;25576.1;0.51575097;6;green
2023-10-11 07:58:00;25578.7;25578.7;25578.4;25578.5;25578.6;0.10102463;5;red
2023-10-11 07:59:00;25576.5;25580.9;25576.5;25580.9;25578.7;0.47035345;8;green
2023-10-11 08:00:00;25580.9;25586.3;25580.9;25585.1;25583.1;0.02812061;27;green
2023-10-11 08:01:00;25585.1;25585.1;25574.9;25574.9;25576.7;0.18801850;23;red
2023-10-11 08:02:00;25574.8;25584.0;25574.0;25577.4;25579.6;0.82830692;21;green
2023-10-11 08:03:00;25577.3;25577.4;25570.1;25570.1;25575.7;3.25136624;30;red
2023-10-11 08:04:00;25576.2;25576.2;25572.7;25573.3;25573.7;0.01783380;8;red
2023-10-11 08:05:00;25570.9;25571.6;25570.8;25571.6;25570.9;0.03653295;12;green
2023-10-11 08:06:00;25571.3;25571.3;25570.9;25570.9;25571.0;0.00437159;9;red
2023-10-11 08:07:00;25570.8;25570.8;25560.9;25560.9;25567.0;0.03127194;13;red
2023-10-11 08:08:00;25558.9;25558.9;25558.7;25558.8;25558.7;0.01315283;4;red
2023-10-11 08:09:00;25558.8;25558.8;25558.7;25558.7;25558.7;0.16697712;8;red
2023-10-11 08:10:00;25556.3;25556.3;25546.1;25547.1;25547.7;0.29538535;25;red
2023-10-11 08:11:00;25547.1;25560.5;25547.1;25560.5;25552.1;0.04301667;12;green
2023-10-11 08:12:00;25564.4;25564.4;25545.0;25545.0;25556.4;0.01234133;9;red
2023-10-11 08:13:00;25541.7;25541.7;25533.4;25538.6;25533.4;1.17415921;11;red
2023-10-11 08:14:00;25540.5;25548.8;25537.6;25537.6;25546.1;2.08092115;17;red
2023-10-11 08:15:00;25537.6;25556.2;25529.9;25556.2;25535.6;0.56232496;23;green
2023-10-11 08:16:00;25556.2;25556.2;25555.2;25556.2;25555.4;0.01890127;12;green
2023-10-11 08:17:00;25556.2;25561.2;25556.2;25561.2;25560.5;0.82438659;16;green
2023-10-11 08:18:00;25567.2;25567.3;25559.7;25559.7;25566.9;0.27651743;15;red
2023-10-11 08:19:00;25557.3;25557.3;25556.0;25556.0;25556.8;0.07153634;15;red
2023-10-11 08:20:00;25556.0;25556.0;25553.5;25553.6;25553.6;0.04686029;14;red
2023-10-11 08:21:00;25553.6;25559.3;25553.6;25558.1;25557.9;0.01428153;9;green
2023-10-11 08:22:00;25560.3;25561.6;25559.8;25559.8;25561.1;0.09541369;13;red
2023-10-11 08:23:00;25555.9;25555.9;25549.4;25549.5;25552.3;0.12666901;18;red
2023-10-11 08:24:00;25549.5;25550.2;25539.5;25539.5;25547.0;0.06906969;10;red
2023-10-11 08:25:00;25539.4;25539.5;25529.4;25529.4;25534.2;2.52795109;27;red
2023-10-11 08:26:00;25529.4;25537.5;25529.4;25536.6;25537.3;0.38261591;17;green
2023-10-11 08:27:00;25534.6;25537.5;25534.1;25537.2;25537.3;0.17808786;13;green
2023-10-11 08:28:00;25537.2;25537.2;25532.1;25533.3;25534.9;0.31058471;23;red
2023-10-11 08:29:00;25533.3;25533.3;25532.9;25532.9;25533.2;0.07131136;15;red
2023-10-11 08:30:00;25532.9;25533.3;25530.4;25532.0;25531.9;0.05447856;10;red
2023-10-11 08:31:00;25533.3;25537.5;25533.3;25537.5;25535.4;0.08200399;9;green
2023-10-11 08:32:00;25537.5;25558.2;25537.4;25557.6;25546.5;0.12609963;28;green
2023-10-11 08:33:00;25556.5;25556.8;25548.9;25548.9;25554.0;0.01118474;9;red
2023-10-11 08:34:00;25547.5;25549.9;25546.1;25548.0;25549.1;0.14371626;12;green
2023-10-11 08:35:00;25548.8;25548.8;25546.2;25546.3;25548.2;0.13977659;19;red
2023-10-11 08:36:00;25542.9;25547.1;25541.7;25546.4;25543.6;0.03118928;10;green
2023-10-11 08:37:00;25546.4;25551.9;25546.4;25551.1;25549.8;0.02562131;7;green
2023-10-11 08:38:00;25551.0;25551.4;25548.0;25549.6;25548.8;0.13662406;13;red
2023-10-11 08:39:00;25549.6;25552.9;25549.5;25550.1;25552.2;0.85448230;26;green
2023-10-11 08:40:00;25553.2;25554.4;25543.2;25543.2;25549.1;0.80542686;20;red
2023-10-11 08:41:00;25541.1;25542.3;25540.6;25542.2;25541.9;0.03913182;10;green
2023-10-11 08:42:00;25541.9;25541.9;25535.3;25535.3;25538.1;0.03831154;14;red
2023-10-11 08:43:00;25535.1;25535.1;25530.1;25530.1;25531.6;0.29763603;14;red
2023-10-11 08:44:00;25530.0;25530.0;25527.5;25527.6;25529.6;0.06847393;5;red
2023-10-11 08:45:00;25527.6;25530.0;25527.0;25530.0;25528.6;1.13231882;19;green
2023-10-11 08:46:00;25527.1;25527.1;25527.0;25527.0;25527.0;0.93313394;8;red
2023-10-11 08:47:00;25525.1;25525.1;25522.7;25522.8;25523.8;0.32141077;19;red
2023-10-11 08:48:00;25522.8;25525.0;25522.7;25524.5;25523.6;0.02437986;12;green
2023-10-11 08:49:00;25524.3;25524.3;25509.2;25509.4;25510.1;13.99989411;46;red
2023-10-11 08:50:00;25507.5;25507.5;25505.0;25505.0;25506.0;0.02792608;13;red
2023-10-11 08:51:00;25505.0;25505.0;25502.0;25503.6;25502.6;0.04898772;15;red
2023-10-11 08:52:00;25506.1;25506.8;25506.1;25506.8;25506.6;0.00921878;11;green
2023-10-11 08:53:00;25506.4;25506.8;25506.2;25506.4;25506.2;0.52034252;12;green
2023-10-11 08:54:00;25506.3;25506.7;25506.2;25506.7;25506.4;0.04078117;14;green
2023-10-11 08:55:00;25506.6;25506.8;25505.6;25505.7;25506.3;0.42722005;19;red
2023-10-11 08:56:00;25505.7;25506.7;25501.6;25505.6;25503.2;0.06016043;13;red
2023-10-11 08:57:00;25505.6;25506.0;25505.6;25506.0;25505.9;0.21737241;12;green
2023-10-11 08:58:00;25505.9;25506.0;25505.9;25506.0;25505.9;0.01944660;10;green
2023-10-11 08:59:00;25506.0;25506.0;25503.5;25505.0;25504.6;0.15737723;16;red
2023-10-11 09:00:00;25505.0;25519.8;25505.0;25519.8;25505.7;1.82616434;27;green
2023-10-11 09:01:00;25520.2;25526.4;25520.2;25526.4;25525.6;0.28888938;20;green
2023-10-11 09:02:00;25526.4;25528.4;25525.1;25528.3;25525.8;0.06637458;7;green
2023-10-11 09:03:00;25528.3;25537.1;25525.9;25537.1;25528.3;1.27560972;10;green
2023-10-11 09:04:00;25537.9;25537.9;25531.7;25535.3;25535.6;0.14819739;44;red
2023-10-11 09:05:00;25537.9;25540.5;25535.5;25538.1;25538.0;1.25167997;29;green
2023-10-11 09:06:00;25538.5;25538.5;25536.0;25536.0;25538.1;0.02604657;9;red
2023-10-11 09:07:00;25536.0;25538.2;25535.9;25538.2;25537.9;0.05513185;15;green
2023-10-11 09:08:00;25538.1;25538.4;25538.1;25538.4;25538.2;0.22226672;13;green
2023-10-11 09:09:00;25538.5;25541.7;25538.5;25541.7;25541.1;0.02448696;11;green
2023-10-11 09:10:00;25541.7;25542.8;25541.7;25542.8;25542.2;0.05027947;12;green
2023-10-11 09:11:00;25542.8;25542.8;25542.7;25542.7;25542.7;0.30444395;14;red
2023-10-11 09:12:00;25542.8;25542.8;25533.9;25533.9;25541.8;0.05485790;11;red
2023-10-11 09:13:00;25535.3;25535.3;25534.9;25534.9;25535.0;0.46185057;14;red
2023-10-11 09:14:00;25534.9;25536.9;25533.8;25534.1;25534.1;0.95000052;19;red
2023-10-11 09:15:00;25533.8;25534.8;25532.1;25532.1;25533.8;0.84180897;20;red
2023-10-11 09:16:00;25532.1;25532.1;25526.9;25527.0;25530.9;0.10460884;11;red
2023-10-11 09:17:00;25527.0;25527.0;25513.1;25513.4;25522.0;0.59392011;24;red
2023-10-11 09:18:00;25513.4;25514.2;25513.4;25514.2;25513.6;0.23204264;13;green
2023-10-11 09:19:00;25514.1;25514.1;25506.7;25506.8;25514.0;6.07059686;13;red
2023-10-11 09:20:00;25506.7;25506.7;25494.6;25499.2;25499.9;22.78962860;75;red
2023-10-11 09:21:00;25497.6;25517.9;25497.6;25517.2;25507.4;0.09294256;53;green
2023-10-11 09:22:00;25517.2;25517.2;25516.1;25516.1;25516.9;0.07980907;55;red
2023-10-11 09:23:00;25516.1;25516.1;25516.0;25516.0;25516.0;0.17984901;39;red
2023-10-11 09:24:00;25516.0;25516.0;25498.3;25500.4;25511.4;1.05702795;31;red
2023-10-11 09:25:00;25499.0;25499.0;25492.0;25492.2;25498.1;0.74460923;20;red
2023-10-11 09:26:00;25492.2;25492.2;25491.4;25491.4;25492.1;0.02490186;12;red
2023-10-11 09:27:00;25492.9;25499.9;25492.9;25499.8;25497.2;0.35631436;14;green
2023-10-11 09:28:00;25499.9;25504.8;25499.8;25504.8;25504.5;0.24326137;13;green
2023-10-11 09:29:00;25504.8;25509.7;25504.8;25504.8;25509.3;0.32850832;7;green
2023-10-11 09:30:00;25504.8;25506.5;25504.7;25504.9;25504.8;0.21782365;17;green
2023-10-11 09:31:00;25504.8;25504.8;25487.7;25488.6;25491.4;0.28398705;19;red
2023-10-11 09:32:00;25489.8;25492.5;25489.8;25489.8;25492.0;0.34158377;19;green
2023-10-11 09:33:00;25489.8;25489.8;25489.7;25489.8;25489.7;0.26787943;14;green
2023-10-11 09:34:00;25489.8;25490.0;25489.8;25490.0;25489.9;0.68552185;10;green
2023-10-11 09:35:00;25491.2;25494.6;25491.2;25494.6;25493.5;0.33663677;8;green
2023-10-11 09:36:00;25494.5;25497.9;25494.5;25497.4;25496.5;0.56728306;17;green
2023-10-11 09:37:00;25497.4;25498.5;25495.8;25498.5;25497.3;0.71764562;16;green
2023-10-11 09:38:00;25498.5;25499.4;25498.0;25499.4;25498.1;0.33963561;19;green
2023-10-11 09:39:00;25502.5;25502.5;25498.0;25498.1;25501.2;0.09074855;19;red
2023-10-11 09:40:00;25498.0;25498.1;25495.7;25495.7;25498.0;0.45882207;13;red
2023-10-11 09:41:00;25495.6;25495.6;25489.2;25489.2;25489.7;0.67499589;26;red
2023-10-11 09:42:00;25489.2;25492.5;25489.2;25492.5;25491.3;0.26058808;23;green
2023-10-11 09:43:00;25492.5;25492.5;25476.2;25476.2;25482.6;1.34633598;41;red
2023-10-11 09:44:00;25476.3;25484.3;25473.7;25484.3;25474.9;0.88920404;22;green
2023-10-11 09:45:00;25484.3;25485.4;25483.6;25484.0;25484.1;1.73529341;18;red
2023-10-11 09:46:00;25483.8;25488.6;25481.6;25481.6;25486.9;0.04187670;12;red
2023-10-11 09:47:00;25478.9;25478.9;25473.7;25473.7;25477.8;0.34054812;18;red
2023-10-11 09:48:00;25473.7;25473.7;25473.6;25473.7;25473.6;0.11634833;13;green
2023-10-11 09:49:00;25473.7;25484.2;25473.6;25484.1;25477.6;1.39207422;17;green
2023-10-11 09:50:00;25484.1;25492.5;25484.1;25492.5;25491.8;0.21884657;18;green
2023-10-11 09:51:00;25492.5;25497.6;25489.2;25494.9;25489.7;3.10690676;36;green
2023-10-11 09:52:00;25495.0;25495.2;25492.0;25495.2;25493.8;3.06930374;28;green
2023-10-11 09:53:00;25495.3;25495.3;25484.6;25484.6;25486.3;0.39051325;13;red
2023-10-11 09:54:00;25488.9;25488.9;25484.5;25484.5;25488.2;0.02069873;11;red
2023-10-11 09:55:00;25488.6;25491.2;25488.6;25491.2;25489.6;0.26624299;10;green
2023-10-11 09:56:00;25491.2;25491.2;25491.1;25491.2;25491.1;0.16790366;9;green
2023-10-11 09:57:00;25491.2;25498.0;25491.1;25498.0;25491.6;0.54263155;24;green
2023-10-11 09:58:00;25498.0;25500.0;25491.2;25491.2;25499.3;0.74905478;27;red
2023-10-11 09:59:00;25491.2;25498.4;25491.1;25497.8;25491.9;3.30015566;27;green
2023-10-11 10:00:00;25497.8;25505.4;25497.7;25505.4;25499.0;0.83393914;31;green
2023-10-11 10:01:00;25504.1;25505.4;25499.3;25505.4;25503.1;0.47675328;21;green
2023-10-11 10:02:00;25505.4;25516.4;25505.4;25516.3;25514.8;0.51442518;13;green
2023-10-11 10:03:00;25519.2;25521.7;25517.4;25518.9;25520.3;0.75169759;27;red
2023-10-11 10:04:00;25517.2;25517.2;25517.1;25517.2;25517.1;0.06127858;19;green
2023-10-11 10:05:00;25517.3;25517.3;25517.1;25517.2;25517.2;0.78025829;15;red
2023-10-11 10:06:00;25517.2;25517.8;25512.8;25512.8;25515.2;2.36996087;23;red
2023-10-11 10:07:00;25512.8;25514.2;25510.1;25514.2;25512.0;1.31422095;27;green
2023-10-11 10:08:00;25515.0;25518.0;25515.0;25518.0;25515.1;0.41605074;18;green
2023-10-11 10:09:00;25518.7;25523.2;25518.6;25523.2;25520.2;0.04665057;10;green
2023-10-11 10:10:00;25524.9;25525.6;25524.8;25524.8;25524.8;1.38480486;12;red
2023-10-11 10:11:00;25524.8;25526.4;25524.7;25526.4;25526.3;0.21507905;16;green
2023-10-11 10:12:00;25526.4;25531.0;25526.3;25531.0;25529.9;1.30513194;23;green
2023-10-11 10:13:00;25533.4;25534.8;25533.3;25534.8;25533.4;1.31705671;11;green
2023-10-11 10:14:00;25537.3;25537.3;25528.8;25529.4;25535.0;0.51941755;19;red
2023-10-11 10:15:00;25535.3;25539.7;25532.3;25539.3;25534.8;0.78293320;49;green
2023-10-11 10:16:00;25539.3;25539.3;25521.6;25528.4;25536.0;2.48365578;72;red
2023-10-11 10:17:00;25528.4;25528.4;25523.8;25523.9;25525.4;9.74303961;17;red
2023-10-11 10:18:00;25523.9;25523.9;25520.0;25523.9;25521.5;0.76383853;22;green
2023-10-11 10:19:00;25523.8;25523.9;25521.8;25521.9;25523.1;0.12002848;17;red
2023-10-11 10:20:00;25521.1;25521.1;25515.2;25515.2;25519.7;1.32055494;29;red
2023-10-11 10:21:00;25515.2;25517.9;25511.6;25517.0;25513.4;0.12688287;9;green
2023-10-11 10:22:00;25517.0;25519.9;25516.3;25516.3;25518.3;1.05098028;20;red
2023-10-11 10:23:00;25516.3;25516.9;25514.1;25514.1;25516.6;1.15339071;13;red
2023-10-11 10:24:00;25514.1;25514.8;25514.1;25514.8;25514.2;0.43061879;13;green
2023-10-11 10:25:00;25514.7;25516.5;25510.0;25513.1;25513.3;0.86680730;20;red
2023-10-11 10:26:00;25513.6;25513.6;25510.6;25510.7;25511.2;0.40105019;15;red
2023-10-11 10:27:00;25512.8;25515.6;25512.8;25513.4;25513.2;0.29867102;15;green
2023-10-11 10:28:00;25511.8;25511.8;25500.1;25500.1;25508.4;0.41075198;23;red
2023-10-11 10:29:00;25500.1;25500.1;25500.0;25500.1;25500.0;0.56953770;17;green
2023-10-11 10:30:00;25500.1;25500.1;25492.0;25492.0;25495.8;2.22308713;27;red
2023-10-11 10:31:00;25492.6;25493.3;25489.3;25490.7;25490.3;0.59561938;19;red
2023-10-11 10:32:00;25490.7;25499.0;25490.7;25498.9;25498.6;3.24436018;14;green
2023-10-11 10:33:00;25498.9;25498.9;25498.8;25498.9;25498.8;0.52795253;16;green
2023-10-11 10:34:00;25498.9;25502.0;25498.8;25500.6;25500.1;0.15985293;15;green
2023-10-11 10:35:00;25501.9;25501.9;25500.2;25501.3;25501.4;0.28560322;15;red
2023-10-11 10:36:00;25501.9;25501.9;25501.8;25501.9;25501.8;0.04169127;6;green
2023-10-11 10:37:00;25501.9;25510.6;25501.9;25510.6;25509.2;0.37528064;10;green
2023-10-11 10:38:00;25510.6;25516.2;25508.1;25511.0;25514.6;0.46371398;12;green
2023-10-11 10:39:00;25513.7;25550.6;25513.7;25550.6;25532.9;1.16342776;39;green
2023-10-11 10:40:00;25550.6;25559.3;25550.5;25553.8;25552.4;0.82181622;21;green
2023-10-11 10:41:00;25553.8;25553.8;25543.1;25543.1;25550.3;0.49178344;22;red
2023-10-11 10:42:00;25543.1;25543.1;25535.0;25536.2;25538.0;0.87077417;36;red
2023-10-11 10:43:00;25536.1;25543.2;25536.1;25543.2;25540.7;0.07240042;26;green
2023-10-11 10:44:00;25543.2;25551.8;25543.1;25550.5;25545.1;0.33607197;25;green
2023-10-11 10:45:00;25549.8;25552.2;25536.5;25536.5;25549.5;0.83170892;18;red
2023-10-11 10:46:00;25536.5;25536.5;25536.4;25536.5;25536.4;0.54239935;13;green
2023-10-11 10:47:00;25539.0;25545.7;25539.0;25540.0;25542.9;0.33519267;17;green
2023-10-11 10:48:00;25537.6;25538.3;25536.4;25536.4;25536.9;0.23311642;20;red
2023-10-11 10:49:00;25536.4;25538.5;25535.6;25537.7;25537.0;15.86354866;44;green
2023-10-11 10:50:00;25536.2;25536.2;25530.6;25531.8;25531.2;2.74680871;17;red
2023-10-11 10:51:00;25531.9;25537.6;25531.9;25536.0;25534.9;0.23234513;22;green
2023-10-11 10:52:00;25535.5;25535.5;25532.0;25534.1;25534.6;0.48453194;18;red
2023-10-11 10:53:00;25532.8;25545.4;25532.3;25545.4;25543.6;0.13793390;20;green
2023-10-11 10:54:00;25546.6;25549.5;25545.5;25545.5;25549.2;0.39491924;23;red
2023-10-11 10:55:00;25545.5;25545.5;25539.7;25541.4;25540.9;0.10457720;19;red
2023-10-11 10:56:00;25542.0;25544.3;25537.9;25544.3;25542.1;0.44430399;14;green
2023-10-11 10:57:00;25544.3;25545.0;25544.2;25545.0;25544.9;0.22632962;13;green
2023-10-11 10:58:00;25545.0;25550.5;25545.0;25550.5;25545.6;0.52417943;16;green
2023-10-11 10:59:00;25550.5;25551.8;25550.4;25551.8;25550.9;0.12712340;20;green
2023-10-11 11:00:00;25551.8;25562.1;25551.8;25561.6;25560.4;0.49701791;28;green
2023-10-11 11:01:00;25561.6;25561.6;25551.7;25551.7;25557.0;1.08413235;26;red
2023-10-11 11:02:00;25550.4;25552.9;25546.9;25552.9;25548.5;0.30784238;12;green
2023-10-11 11:03:00;25554.8;25557.9;25554.8;25557.9;25555.7;2.56365988;22;green
2023-10-11 11:04:00;25557.9;25562.0;25557.9;25562.0;25561.8;0.21735354;21;green
2023-10-11 11:05:00;25562.0;25562.0;25561.9;25562.0;25561.9;0.79452857;15;green
2023-10-11 11:06:00;25561.9;25562.0;25554.9;25555.9;25560.9;0.72744313;11;red
2023-10-11 11:07:00;25552.2;25552.2;25549.9;25550.1;25551.0;0.87074302;18;red
2023-10-11 11:08:00;25547.7;25552.0;25547.3;25549.0;25550.5;0.06712010;14;green
2023-10-11 11:09:00;25547.6;25547.7;25540.0;25540.0;25546.0;0.44209207;10;red
2023-10-11 11:10:00;25540.0;25545.1;25539.6;25545.1;25541.2;0.71498971;17;green
2023-10-11 11:11:00;25545.4;25567.3;25545.3;25567.3;25564.0;1.72965711;42;green
2023-10-11 11:12:00;25567.3;25577.9;25566.0;25577.9;25569.5;0.34919126;25;green
2023-10-11 11:13:00;25577.9;25578.6;25562.5;25578.5;25572.5;0.94632370;19;green
2023-10-11 11:14:00;25578.6;25593.1;25578.5;25593.1;25585.7;0.16484235;14;green
2023-10-11 11:15:00;25592.8;25592.8;25579.8;25585.2;25585.1;0.16140446;29;red
2023-10-11 11:16:00;25585.2;25585.2;25580.9;25580.9;25584.9;0.20840986;18;red
2023-10-11 11:17:00;25579.5;25584.0;25578.5;25581.2;25580.4;0.21039731;23;green
2023-10-11 11:18:00;25581.2;25599.9;25581.2;25599.9;25592.1;0.33331891;26;green
2023-10-11 11:19:00;25599.9;25606.0;25591.3;25592.1;25596.2;0.14893394;29;red
2023-10-11 11:20:00;25592.2;25592.2;25572.2;25572.2;25585.3;0.21898163;17;red
2023-10-11 11:21:00;25572.1;25578.9;25568.2;25574.2;25573.5;0.07601123;33;green
2023-10-11 11:22:00;25569.1;25569.1;25559.6;25559.6;25567.5;0.23996354;8;red
2023-10-11 11:23:00;25554.4;25555.1;25552.0;25555.1;25553.6;0.08114586;8;green
2023-10-11 11:24:00;25553.0;25557.1;25553.0;25557.1;25556.8;0.84610431;11;green
2023-10-11 11:25:00;25557.1;25562.6;25552.0;25562.6;25555.5;0.50497801;20;green
2023-10-11 11:26:00;25562.6;25563.5;25562.6;25563.5;25563.1;0.54580027;13;green
2023-10-11 11:27:00;25564.4;25564.4;25555.6;25557.1;25563.0;0.98039313;21;red
2023-10-11 11:28:00;25557.1;25564.6;25554.5;25564.6;25560.0;0.22153969;17;green
2023-10-11 11:29:00;25564.6;25572.6;25564.6;25568.8;25567.4;0.38800596;27;green
2023-10-11 11:30:00;25568.8;25568.8;25553.5;25553.5;25561.4;0.10785226;17;red
2023-10-11 11:31:00;25553.3;25559.9;25553.2;25559.9;25554.6;0.19432287;20;green
2023-10-11 11:32:00;25559.8;25574.2;25559.8;25574.2;25564.8;0.16671989;21;green
2023-10-11 11:33:00;25574.2;25574.2;25574.1;25574.2;25574.1;0.08044164;19;green
2023-10-11 11:34:00;25574.1;25581.6;25574.1;25575.3;25578.0;1.22294572;22;green
2023-10-11 11:35:00;25575.4;25592.4;25575.4;25592.3;25584.5;0.52511956;16;green
2023-10-11 11:36:00;25592.4;25607.6;25592.4;25607.6;25603.4;1.24219462;23;green
2023-10-11 11:37:00;25607.6;25621.0;25607.5;25621.0;25615.2;0.90896018;28;green
2023-10-11 11:38:00;25623.2;25629.5;25613.0;25613.1;25623.3;1.82383102;38;red
2023-10-11 11:39:00;25613.2;25613.2;25600.5;25600.5;25607.6;0.64721864;24;red
2023-10-11 11:40:00;25600.5;25600.5;25595.7;25599.8;25598.9;3.74666070;28;red
2023-10-11 11:41:00;25600.4;25621.7;25600.4;25621.7;25600.5;0.23462020;4;green
2023-10-11 11:42:00;25611.7;25617.2;25606.2;25606.2;25611.5;0.08484481;7;red
2023-10-11 11:43:00;25605.0;25614.6;25605.0;25614.6;25610.8;0.13738509;12;green
2023-10-11 11:44:00;25615.1;25617.9;25615.0;25617.2;25615.1;0.49560720;13;green
2023-10-11 11:45:00;25630.2;25630.2;25615.7;25617.3;25629.3;0.62102638;11;red
2023-10-11 11:46:00;25617.2;25622.5;25616.8;25616.9;25618.0;0.19986019;19;red
2023-10-11 11:47:00;25616.8;25628.1;25616.8;25628.1;25621.8;0.09772042;11;green
2023-10-11 11:48:00;25631.7;25675.8;25631.7;25675.8;25644.9;0.23066811;28;green
2023-10-11 11:49:00;25675.9;25682.6;25671.9;25674.0;25679.7;1.77417078;21;red
2023-10-11 11:50:00;25680.1;25695.4;25669.8;25669.8;25682.6;2.55039064;38;red
2023-10-11 11:51:00;25665.2;25678.5;25665.2;25668.8;25675.9;0.02172690;8;green
2023-10-11 11:52:00;25667.7;25675.5;25667.7;25675.5;25670.7;0.11833843;10;green
2023-10-11 11:53:00;25676.0;25688.1;25673.1;25673.1;25678.7;2.11040888;24;red
2023-10-11 11:54:00;25669.6;25693.3;25669.6;25693.2;25678.1;0.15679131;18;green
2023-10-11 11:55:00;25693.8;25702.4;25693.7;25702.4;25693.9;4.67134124;18;green
2023-10-11 11:56:00;25702.5;25706.1;25697.5;25706.1;25701.9;2.07068818;24;green
2023-10-11 11:57:00;25707.1;25708.0;25693.3;25693.4;25702.7;1.96845651;21;red
2023-10-11 11:58:00;25693.4;25698.0;25689.2;25689.2;25694.0;2.99259060;29;red
2023-10-11 11:59:00;25698.3;25719.2;25698.3;25719.2;25707.9;1.45501900;24;green
2023-10-11 12:00:00;25720.0;25720.0;25719.9;25720.0;25719.9;0.50486869;39;green
2023-10-11 12:01:00;25720.0;25753.7;25720.0;25753.3;25726.8;4.77452841;34;green
2023-10-11 12:02:00;25748.9;25748.9;25709.9;25709.9;25721.7;1.62977184;17;red
2023-10-11 12:03:00;25702.2;25706.6;25692.1;25692.1;25698.5;1.47138547;22;red
2023-10-11 12:04:00;25693.8;25693.9;25686.3;25692.9;25692.7;0.98825413;23;red
2023-10-11 12:05:00;25700.3;25704.9;25693.9;25693.9;25698.2;1.99980215;15;red
2023-10-11 12:06:00;25694.2;25694.2;25682.0;25682.0;25692.9;0.99106213;15;red
2023-10-11 12:07:00;25686.5;25686.5;25682.4;25682.4;25682.5;0.05318763;11;red
2023-10-11 12:08:00;25682.4;25683.8;25682.4;25683.7;25683.7;1.16245710;16;green
2023-10-11 12:09:00;25683.8;25683.8;25683.7;25683.7;25683.7;0.12488107;14;red
2023-10-11 12:10:00;25683.8;25692.3;25683.7;25692.3;25683.8;0.06716582;12;green
2023-10-11 12:11:00;25694.8;25697.2;25694.8;25697.1;25696.3;0.20627074;7;green
2023-10-11 12:12:00;25699.4;25699.4;25683.9;25683.9;25698.4;2.04482030;27;red
2023-10-11 12:13:00;25683.9;25687.9;25683.9;25687.9;25685.5;0.09637819;5;green
2023-10-11 12:14:00;25687.9;25687.9;25677.6;25680.9;25686.8;1.81137019;27;red
2023-10-11 12:15:00;25680.9;25685.8;25679.9;25680.0;25684.9;0.86378165;14;red
2023-10-11 12:16:00;25680.0;25685.8;25680.0;25685.7;25680.6;0.27607817;15;green
2023-10-11 12:17:00;25685.8;25699.0;25685.7;25698.9;25692.8;0.21842570;19;green
2023-10-11 12:18:00;25699.9;25700.0;25699.9;25700.0;25699.9;0.14034651;11;green
2023-10-11 12:19:00;25700.0;25707.6;25699.9;25707.5;25706.6;0.54040550;17;green
2023-10-11 12:20:00;25711.2;25712.0;25711.2;25712.0;25711.5;0.05778638;12;green
2023-10-11 12:21:00;25716.7;25720.0;25716.7;25720.0;25719.8;0.00583271;6;green
2023-10-11 12:22:00;25725.0;25741.5;25725.0;25738.2;25736.5;1.71498100;17;green
2023-10-11 12:23:00;25738.2;25751.2;25738.2;25751.2;25740.5;0.06900359;9;green
2023-10-11 12:24:00;25752.6;25761.6;25748.4;25748.4;25753.1;2.90390013;26;red
2023-10-11 12:25:00;25742.2;25749.4;25737.8;25749.4;25740.0;0.43976892;9;green
2023-10-11 12:26:00;25749.5;25767.1;25747.9;25747.9;25765.1;0.79510844;7;red
2023-10-11 12:27:00;25747.9;25759.1;25747.9;25750.7;25755.6;0.88669584;17;green
2023-10-11 12:28:00;25750.7;25750.7;25729.6;25729.6;25731.6;23.77574636;46;red
2023-10-11 12:29:00;25729.7;25729.8;25724.1;25724.1;25728.7;0.06366008;8;red
2023-10-11 12:30:00;25724.1;25727.6;25706.4;25706.4;25714.6;0.73242184;15;red
2023-10-11 12:31:00;25709.7;25715.3;25709.7;25709.8;25710.1;1.98248216;20;green
2023-10-11 12:32:00;25709.8;25709.8;25709.7;25709.8;25709.7;0.40294811;12;green
2023-10-11 12:33:00;25709.8;25711.1;25709.7;25711.0;25710.0;0.53094719;13;green
2023-10-11 12:34:00;25712.0;25715.2;25711.9;25713.2;25713.5;0.27008492;11;green
2023-10-11 12:35:00;25713.2;25726.3;25713.2;25720.3;25722.2;0.71236722;20;green
2023-10-11 12:36:00;25720.3;25720.3;25699.9;25699.9;25708.1;1.62058323;38;red
2023-10-11 12:37:00;25699.9;25699.9;25699.8;25699.8;25699.8;0.11702339;8;red
2023-10-11 12:38:00;25699.9;25699.9;25697.7;25699.9;25698.5;0.19172169;14;green
2023-10-11 12:39:00;25699.9;25714.2;25699.9;25710.6;25705.8;0.65410986;16;green
2023-10-11 12:40:00;25710.7;25717.0;25710.6;25717.0;25713.3;0.55279011;16;green
2023-10-11 12:41:00;25717.0;25717.0;25708.3;25708.3;25713.6;0.56943732;12;red
2023-10-11 12:42:00;25708.2;25708.2;25700.3;25700.4;25700.6;0.13747217;9;red
2023-10-11 12:43:00;25700.4;25703.1;25700.0;25700.8;25700.5;0.41980775;13;green
2023-10-11 12:44:00;25701.4;25709.4;25701.4;25709.4;25705.3;0.12195939;8;green
2023-10-11 12:45:00;25710.6;25719.2;25710.6;25718.8;25714.5;0.50805242;14;green
2023-10-11 12:46:00;25717.6;25719.4;25707.4;25707.4;25717.4;0.50916592;17;red
2023-10-11 12:47:00;25707.4;25710.8;25707.4;25709.2;25708.7;0.21722492;6;green
2023-10-11 12:48:00;25709.2;25712.0;25709.2;25711.1;25709.2;0.39671652;7;green
2023-10-11 12:49:00;25707.5;25718.2;25707.5;25716.7;25712.8;0.14519914;11;green
2023-10-11 12:50:00;25713.7;25719.2;25713.7;25719.2;25716.8;0.49135038;19;green
2023-10-11 12:51:00;25719.9;25719.9;25715.1;25715.1;25718.8;0.50895602;12;red
2023-10-11 12:52:00;25715.1;25717.7;25715.1;25715.5;25716.6;0.14398488;14;green
2023-10-11 12:53:00;25715.5;25719.3;25715.5;25718.4;25716.6;0.52167003;18;green
2023-10-11 12:54:00;25718.4;25723.5;25717.9;25723.5;25718.7;0.16682931;18;green
2023-10-11 12:55:00;25723.5;25729.8;25723.5;25729.8;25728.6;0.32455568;11;green
2023-10-11 12:56:00;25729.8;25733.8;25725.3;25725.3;25727.1;1.52979298;15;red
2023-10-11 12:57:00;25725.3;25730.3;25725.3;25726.6;25728.1;0.22965885;25;green
2023-10-11 12:58:00;25726.6;25729.7;25725.9;25728.9;25726.6;0.59258117;18;green
2023-10-11 12:59:00;25728.8;25728.8;25727.8;25728.5;25728.1;0.41602465;12;red
2023-10-11 13:00:00;25728.5;25734.2;25728.5;25734.2;25733.6;0.59264138;43;green
2023-10-11 13:01:00;25734.2;25736.2;25733.8;25734.1;25735.2;1.10210796;15;red
2023-10-11 13:02:00;25737.5;25744.0;25737.5;25740.0;25738.2;1.43244344;29;green
2023-10-11 13:03:00;25743.8;25744.0;25740.2;25744.0;25742.4;0.19301189;35;green
2023-10-11 13:04:00;25747.4;25752.4;25743.3;25749.5;25749.2;1.11503428;22;green
2023-10-11 13:05:00;25749.1;25749.1;25740.0;25740.1;25743.6;0.28618049;13;red
2023-10-11 13:06:00;25740.1;25740.1;25740.0;25740.0;25740.0;0.11620341;12;red
2023-10-11 13:07:00;25740.1;25740.1;25700.3;25707.0;25706.9;2.57240468;36;red
2023-10-11 13:08:00;25706.9;25707.0;25706.5;25706.6;25706.6;0.40472254;15;red
2023-10-11 13:09:00;25706.6;25713.0;25706.6;25708.8;25712.5;0.75917587;18;green
2023-10-11 13:10:00;25708.8;25708.8;25708.7;25708.8;25708.7;0.53271641;22;green
2023-10-11 13:11:00;25708.8;25708.8;25696.0;25700.9;25705.6;0.67952170;28;red
2023-10-11 13:12:00;25705.4;25726.0;25705.1;25723.6;25720.1;0.28451956;18;green
2023-10-11 13:13:00;25725.5;25727.7;25716.0;25719.5;25718.5;0.61651375;15;red
2023-10-11 13:14:00;25718.9;25724.7;25718.9;25724.6;25720.5;0.10185194;9;green
2023-10-11 13:15:00;25724.6;25731.0;25722.0;25729.2;25727.7;0.05061410;19;green
2023-10-11 13:16:00;25729.1;25742.2;25729.0;25741.8;25739.4;0.45208851;24;green
2023-10-11 13:17:00;25741.1;25747.9;25741.1;25745.8;25745.7;0.07716020;8;green
2023-10-11 13:18:00;25740.6;25746.0;25735.2;25739.1;25743.8;0.39889879;13;red
2023-10-11 13:19:00;25739.9;25745.5;25739.9;25740.4;25741.1;0.23127823;10;green
2023-10-11 13:20:00;25740.4;25744.1;25740.3;25740.3;25741.2;0.26874188;20;red
2023-10-11 13:21:00;25741.2;25741.2;25735.2;25735.2;25739.9;0.07386648;21;red
2023-10-11 13:22:00;25736.1;25736.1;25735.2;25735.2;25735.3;0.31892582;17;red
2023-10-11 13:23:00;25735.3;25735.3;25735.2;25735.3;25735.2;0.25659671;17;green
2023-10-11 13:24:00;25735.3;25735.3;25718.5;25722.3;25730.5;0.11995507;14;red
2023-10-11 13:25:00;25718.7;25722.4;25718.7;25722.3;25719.6;0.06224242;10;green
2023-10-11 13:26:00;25722.2;25722.4;25722.0;25722.4;25722.1;0.21408621;9;green
2023-10-11 13:27:00;25722.4;25723.1;25722.0;25722.1;25722.2;0.35250253;18;red
2023-10-11 13:28:00;25722.1;25722.1;25692.4;25692.4;25697.6;5.41302849;44;red
2023-10-11 13:29:00;25693.3;25699.2;25685.0;25689.9;25692.1;3.85356004;38;red
2023-10-11 13:30:00;25690.1;25700.9;25686.1;25700.9;25692.0;2.37115521;51;green
2023-10-11 13:31:00;25700.8;25700.8;25697.8;25697.8;25698.3;0.05681521;12;red
2023-10-11 13:32:00;25697.9;25697.9;25695.3;25695.3;25697.4;0.02680648;10;red
2023-10-11 13:33:00;25695.4;25696.0;25692.9;25695.6;25693.5;0.14456399;16;green
2023-10-11 13:34:00;25693.9;25693.9;25686.4;25686.6;25689.1;0.17069489;14;red
2023-10-11 13:35:00;25686.5;25695.8;25686.5;25695.8;25690.3;0.06798333;15;green
2023-10-11 13:36:00;25697.2;25700.9;25691.0;25691.0;25698.5;0.21544978;13;red
2023-10-11 13:37:00;25686.7;25687.5;25680.9;25680.9;25685.6;0.66833221;14;red
2023-10-11 13:38:00;25680.9;25680.9;25678.4;25678.4;25678.4;0.60272078;10;red
2023-10-11 13:39:00;25678.4;25679.6;25675.0;25675.1;25677.3;0.29180997;25;red
2023-10-11 13:40:00;25675.1;25675.2;25675.0;25675.0;25675.0;0.61165289;11;red
2023-10-11 13:41:00;25672.6;25675.2;25670.0;25675.2;25673.2;0.05163720;9;green
2023-10-11 13:42:00;25675.2;25680.4;25675.1;25680.4;25675.4;1.84369901;17;green
2023-10-11 13:43:00;25679.0;25683.1;25679.0;25681.8;25681.7;0.28976296;13;green
2023-10-11 13:44:00;25681.4;25684.3;25678.8;25678.9;25679.6;0.04213411;8;red
2023-10-11 13:45:00;25678.9;25678.9;25651.4;25655.5;25665.7;0.30566174;17;red
2023-10-11 13:46:00;25654.8;25662.1;25652.5;25654.3;25654.4;1.22368056;16;red
2023-10-11 13:47:00;25654.3;25654.3;25638.2;25647.3;25642.2;1.34773019;12;red
2023-10-11 13:48:00;25645.5;25657.9;25643.9;25657.1;25648.4;1.25950829;14;green
2023-10-11 13:49:00;25656.3;25656.3;25652.0;25652.7;25653.2;0.09809973;14;red
2023-10-11 13:50:00;25652.4;25659.8;25651.7;25659.4;25652.7;0.31628857;15;green
2023-10-11 13:51:00;25657.7;25657.7;25647.7;25647.7;25649.8;8.08449163;24;red
2023-10-11 13:52:00;25648.3;25652.9;25641.9;25643.6;25649.6;20.52890015;34;red
2023-10-11 13:53:00;25642.1;25646.8;25640.0;25646.8;25642.4;12.36498088;25;green
2023-10-11 13:54:00;25648.0;25648.0;25642.1;25644.6;25647.5;0.11334041;9;red
2023-10-11 13:55:00;25644.7;25648.3;25642.0;25642.0;25646.1;0.10202978;17;red
2023-10-11 13:56:00;25640.7;25650.0;25640.7;25650.0;25644.7;0.32854110;13;green
2023-10-11 13:57:00;25648.4;25655.2;25648.3;25655.2;25648.7;0.08279966;5;green
2023-10-11 13:58:00;25656.6;25656.6;25643.1;25643.1;25649.1;0.11340881;14;red
2023-10-11 13:59:00;25642.9;25649.6;25642.9;25647.9;25645.7;0.36144821;22;green
2023-10-11 14:00:00;25650.7;25650.7;25647.4;25649.2;25647.9;0.09318302;22;red
2023-10-11 14:01:00;25646.5;25660.1;25646.1;25659.9;25656.8;0.26206766;11;green
2023-10-11 14:02:00;25657.0;25663.0;25657.0;25659.3;25659.1;0.61988153;8;green
2023-10-11 14:03:00;25659.3;25667.6;25657.1;25667.6;25659.9;0.23673836;12;green
2023-10-11 14:04:00;25663.0;25665.4;25659.3;25665.4;25661.8;0.06160897;10;green
2023-10-11 14:05:00;25668.3;25668.3;25666.1;25666.1;25666.6;0.10946374;13;red
2023-10-11 14:06:00;25666.2;25675.0;25666.2;25675.0;25669.6;0.59207890;13;green
2023-10-11 14:07:00;25674.9;25687.4;25674.9;25687.3;25685.0;0.13346518;17;green
2023-10-11 14:08:00;25687.4;25687.7;25685.2;25687.3;25687.3;3.44215341;10;red
2023-10-11 14:09:00;25687.3;25695.3;25687.3;25695.3;25692.7;0.38394818;16;green
2023-10-11 14:10:00;25693.6;25697.9;25693.2;25697.9;25693.4;0.54239571;10;green
2023-10-11 14:11:00;25698.0;25700.9;25697.9;25700.9;25700.0;0.18301908;14;green
2023-10-11 14:12:00;25700.9;25711.9;25700.8;25711.9;25701.0;0.46720706;11;green
2023-10-11 14:13:00;25713.9;25716.1;25713.9;25716.1;25715.2;0.06746893;11;green
2023-10-11 14:14:00;25716.1;25717.9;25692.8;25693.0;25704.9;1.51027321;29;red
2023-10-11 14:15:00;25693.0;25693.1;25691.2;25691.2;25692.9;0.20432877;29;red
2023-10-11 14:16:00;25691.2;25691.2;25687.8;25687.8;25689.6;0.54214879;20;red
2023-10-11 14:17:00;25687.8;25687.8;25685.2;25685.3;25687.6;1.16774928;28;red
2023-10-11 14:18:00;25685.3;25686.2;25680.6;25686.1;25683.8;0.25081601;16;green
2023-10-11 14:19:00;25684.6;25684.6;25681.1;25681.1;25681.9;0.10642500;13;red
2023-10-11 14:20:00;25681.1;25681.1;25676.9;25676.9;25679.5;8.40295475;18;red
2023-10-11 14:21:00;25677.6;25677.6;25652.1;25653.2;25653.5;15.33102778;38;red
2023-10-11 14:22:00;25653.3;25653.3;25650.7;25650.7;25651.5;1.52499106;27;red
2023-10-11 14:23:00;25650.8;25650.8;25642.4;25642.5;25647.1;0.72876713;24;red
2023-10-11 14:24:00;25642.5;25649.8;25642.5;25649.7;25642.8;0.89554480;32;green
2023-10-11 14:25:00;25653.3;25665.4;25653.3;25665.4;25657.2;0.37417146;29;green
2023-10-11 14:26:00;25668.5;25668.9;25668.4;25668.4;25668.6;0.46100681;32;red
2023-10-11 14:27:00;25666.0;25666.0;25647.3;25648.1;25648.6;0.79451201;24;red
2023-10-11 14:28:00;25650.4;25653.0;25650.4;25653.0;25652.3;0.11357296;13;green
2023-10-11 14:29:00;25652.9;25668.1;25652.9;25668.1;25654.9;0.62748930;22;green
2023-10-11 14:30:00;25671.6;25683.4;25670.5;25677.0;25675.8;7.02549301;91;green
2023-10-11 14:31:00;25675.7;25675.7;25638.9;25638.9;25653.9;0.41526933;40;red
2023-10-11 14:32:00;25638.9;25649.5;25638.9;25647.9;25641.6;0.07261780;14;green
2023-10-11 14:33:00;25640.0;25643.6;25636.3;25637.3;25640.3;0.53269884;19;red
2023-10-11 14:34:00;25637.3;25639.8;25616.8;25616.8;25627.2;25.05467196;53;red
2023-10-11 14:35:00;25620.8;25620.8;25573.8;25573.8;25593.8;25.06380844;60;red
2023-10-11 14:36:00;25573.4;25582.1;25567.4;25578.3;25575.6;2.83856066;35;green
2023-10-11 14:37:00;25578.4;25579.0;25548.7;25548.7;25557.4;1.25993167;51;red
2023-10-11 14:38:00;25547.0;25549.8;25532.0;25540.7;25540.3;2.73509242;48;red
2023-10-11 14:39:00;25540.2;25564.4;25540.2;25555.7;25548.5;13.59566911;43;green
2023-10-11 14:40:00;25567.4;25584.8;25566.4;25584.8;25572.0;0.27546295;24;green
2023-10-11 14:41:00;25584.8;25584.8;25582.2;25582.3;25583.2;0.36296229;14;red
2023-10-11 14:42:00;25581.6;25584.7;25567.4;25567.4;25581.0;0.36874720;22;red
2023-10-11 14:43:00;25567.3;25601.8;25566.6;25596.5;25575.6;0.45649781;26;green
2023-10-11 14:44:00;25601.2;25605.8;25598.6;25598.9;25600.8;0.15073305;19;red
2023-10-11 14:45:00;25596.8;25597.0;25589.7;25589.9;25591.8;0.94500341;19;red
2023-10-11 14:46:00;25589.8;25589.8;25570.3;25571.7;25579.0;0.35148077;25;red
2023-10-11 14:47:00;25571.8;25581.7;25570.4;25581.7;25574.3;0.21082720;22;green
2023-10-11 14:48:00;25581.7;25585.2;25579.1;25585.2;25581.9;0.33780798;20;green
2023-10-11 14:49:00;25585.2;25595.0;25585.2;25594.9;25587.5;0.23437300;15;green
2023-10-11 14:50:00;25593.5;25608.6;25593.5;25603.5;25606.2;1.33617719;20;green
2023-10-11 14:51:00;25606.0;25613.2;25603.9;25604.2;25607.7;0.59155070;22;red
2023-10-11 14:52:00;25603.9;25609.1;25602.6;25609.1;25604.7;0.50729174;38;green
2023-10-11 14:53:00;25615.4;25623.5;25614.0;25623.5;25617.1;0.18441515;20;green
2023-10-11 14:54:00;25624.5;25625.7;25614.0;25625.7;25621.2;0.40866827;21;green
2023-10-11 14:55:00;25626.4;25626.4;25608.4;25608.5;25624.8;2.40935599;19;red
2023-10-11 14:56:00;25608.5;25615.6;25608.5;25611.0;25609.5;0.93462274;35;green
2023-10-11 14:57:00;25611.0;25611.0;25602.7;25602.7;25610.8;3.33449182;36;red
2023-10-11 14:58:00;25602.8;25612.1;25602.7;25612.0;25605.7;0.51481520;33;green
2023-10-11 14:59:00;25612.1;25612.1;25609.6;25609.6;25612.0;0.29105287;16;red
2023-10-11 15:00:00;25609.6;25609.6;25609.0;25609.0;25609.3;0.32761746;24;red
2023-10-11 15:01:00;25609.1;25620.0;25609.0;25620.0;25613.7;0.11710638;13;green
2023-10-11 15:02:00;25620.0;25621.8;25612.0;25612.0;25615.4;0.29267138;15;red
2023-10-11 15:03:00;25607.9;25608.0;25604.3;25607.4;25606.8;0.04029202;11;red
2023-10-11 15:04:00;25607.5;25610.3;25607.5;25610.3;25609.6;0.30638467;20;green
2023-10-11 15:05:00;25610.0;25612.0;25607.7;25610.2;25611.2;1.11542697;22;green
2023-10-11 15:06:00;25610.5;25611.3;25610.5;25611.3;25610.6;0.22002697;11;green
2023-10-11 15:07:00;25611.3;25611.3;25611.2;25611.3;25611.2;0.15440060;16;green
2023-10-11 15:08:00;25611.3;25611.3;25595.1;25595.1;25599.1;1.52760383;22;red
2023-10-11 15:09:00;25595.1;25595.1;25570.4;25570.5;25591.8;2.79088429;21;red
2023-10-11 15:10:00;25570.5;25578.4;25570.4;25578.4;25571.6;0.30659355;10;green
2023-10-11 15:11:00;25578.3;25588.7;25578.3;25588.7;25584.3;0.11112324;15;green
2023-10-11 15:12:00;25588.7;25588.7;25578.3;25578.3;25586.7;1.01631296;19;red
2023-10-11 15:13:00;25570.7;25581.3;25570.7;25579.2;25577.4;0.06337679;14;green
2023-10-11 15:14:00;25578.5;25582.7;25576.0;25576.0;25580.2;0.28628043;19;red
2023-10-11 15:15:00;25576.0;25576.5;25570.7;25575.9;25572.5;0.60526101;36;red
2023-10-11 15:16:00;25575.9;25578.8;25575.9;25578.8;25578.1;0.70436171;21;green
2023-10-11 15:17:00;25589.8;25589.8;25575.5;25580.7;25583.7;0.13051506;18;red
2023-10-11 15:18:00;25580.7;25580.7;25556.9;25556.9;25570.5;1.34272618;36;red
2023-10-11 15:19:00;25558.5;25559.0;25531.1;25531.1;25538.2;1.64042808;30;red
2023-10-11 15:20:00;25531.1;25536.4;25531.0;25531.1;25533.0;0.39685915;17;green
2023-10-11 15:21:00;25531.1;25536.1;25531.1;25536.1;25533.7;0.73378638;20;green
2023-10-11 15:22:00;25536.8;25542.5;25536.2;25540.2;25537.6;0.23687785;17;green
2023-10-11 15:23:00;25542.6;25555.2;25541.9;25545.5;25550.3;0.27991462;15;green
2023-10-11 15:24:00;25545.5;25558.3;25544.4;25558.3;25552.2;0.73608933;26;green
2023-10-11 15:25:00;25559.0;25559.0;25555.7;25558.7;25558.3;0.24721509;19;red
2023-10-11 15:26:00;25558.7;25558.7;25549.7;25557.0;25557.7;0.15719084;15;red
2023-10-11 15:27:00;25557.9;25565.3;25556.3;25556.3;25557.9;0.19357212;14;red
2023-10-11 15:28:00;25555.5;25557.9;25549.6;25549.6;25552.4;0.15215988;16;red
2023-10-11 15:29:00;25549.7;25550.3;25547.1;25550.3;25548.1;0.07386690;11;green
2023-10-11 15:30:00;25557.2;25563.4;25552.9;25561.3;25556.3;0.99362708;29;green
2023-10-11 15:31:00;25560.7;25567.5;25558.0;25567.5;25561.3;0.31846412;26;green
2023-10-11 15:32:00;25568.8;25575.4;25566.7;25568.3;25571.5;0.63986255;20;red
2023-10-11 15:33:00;25568.2;25573.5;25565.1;25565.1;25568.2;0.77797830;13;red
2023-10-11 15:34:00;25565.0;25565.0;25550.3;25550.3;25560.9;2.15059892;17;red
2023-10-11 15:35:00;25551.5;25551.9;25531.2;25531.2;25538.9;0.99134680;31;red
2023-10-11 15:36:00;25531.2;25531.2;25526.0;25526.0;25528.8;1.09163386;19;red
2023-10-11 15:37:00;25526.3;25528.6;25523.8;25523.9;25524.9;1.58780519;24;red
2023-10-11 15:38:00;25526.4;25541.8;25526.4;25536.1;25538.5;1.57365832;25;green
2023-10-11 15:39:00;25536.8;25551.5;25536.5;25551.5;25543.8;0.30400251;21;green
2023-10-11 15:40:00;25551.5;25562.5;25549.6;25551.6;25553.8;0.30478593;18;green
2023-10-11 15:41:00;25553.4;25556.4;25551.0;25551.0;25554.2;0.19067026;12;red
2023-10-11 15:42:00;25550.9;25555.5;25540.9;25540.9;25555.3;4.49999421;16;red
2023-10-11 15:43:00;25539.0;25545.7;25537.0;25545.6;25539.1;0.61169294;27;green
2023-10-11 15:44:00;25545.6;25550.8;25543.9;25543.9;25546.9;0.17877729;21;red
2023-10-11 15:45:00;25543.9;25545.5;25541.4;25544.6;25544.1;0.12283899;8;green
2023-10-11 15:46:00;25544.6;25547.0;25544.5;25547.0;25544.6;0.37081583;12;green
2023-10-11 15:47:00;25549.1;25549.1;25547.3;25547.3;25547.4;0.01506572;8;red
2023-10-11 15:48:00;25547.3;25553.7;25530.9;25530.9;25552.5;14.52229293;22;red
2023-10-11 15:49:00;25530.9;25530.9;25524.8;25530.6;25530.7;0.35226519;22;red
2023-10-11 15:50:00;25528.0;25536.1;25527.0;25536.1;25530.0;0.27922697;14;green
2023-10-11 15:51:00;25536.1;25536.1;25524.1;25527.9;25528.5;0.36111528;15;red
2023-10-11 15:52:00;25528.0;25540.2;25528.0;25540.2;25537.7;0.13559236;11;green
2023-10-11 15:53:00;25540.2;25544.9;25540.2;25543.1;25541.6;0.17143538;12;green
2023-10-11 15:54:00;25543.1;25543.1;25533.5;25539.4;25537.7;0.60251570;23;red
2023-10-11 15:55:00;25539.0;25539.0;25533.7;25533.7;25536.6;0.14015957;13;red
2023-10-11 15:56:00;25533.6;25533.6;25525.4;25531.1;25530.1;0.84661063;28;red
2023-10-11 15:57:00;25531.2;25536.7;25530.9;25531.3;25530.9;1.03044716;18;green
2023-10-11 15:58:00;25534.3;25544.0;25534.3;25543.9;25542.5;1.30190542;21;green
2023-10-11 15:59:00;25545.5;25548.8;25545.5;25548.8;25545.7;0.21703413;12;green
2023-10-11 16:00:00;25548.5;25548.5;25537.7;25546.5;25546.9;1.11298080;33;red
2023-10-11 16:01:00;25546.4;25546.4;25532.1;25536.8;25536.2;0.19002092;15;red
2023-10-11 16:02:00;25536.2;25536.2;25529.0;25529.1;25530.2;3.99977583;22;red
2023-10-11 16:03:00;25528.9;25528.9;25511.0;25511.0;25524.7;0.33987082;30;red
2023-10-11 16:04:00;25511.0;25514.2;25505.5;25514.2;25512.1;0.35497867;16;green
2023-10-11 16:05:00;25513.6;25559.1;25513.6;25559.1;25532.9;0.38687763;23;green
2023-10-11 16:06:00;25559.1;25559.1;25556.1;25556.1;25559.0;0.13556514;5;red
2023-10-11 16:07:00;25555.9;25555.9;25553.6;25555.8;25554.8;1.23316153;15;red
2023-10-11 16:08:00;25554.3;25554.7;25544.6;25547.6;25553.1;0.17555161;12;red
2023-10-11 16:09:00;25547.6;25547.6;25539.0;25543.7;25543.7;0.07083099;9;red
2023-10-11 16:10:00;25543.8;25543.8;25532.0;25532.7;25539.0;0.40637108;11;red
2023-10-11 16:11:00;25530.0;25530.0;25515.1;25524.2;25516.3;1.83176171;23;red
2023-10-11 16:12:00;25523.9;25523.9;25518.3;25519.4;25521.6;0.22549573;21;red
2023-10-11 16:13:00;25519.4;25519.4;25510.8;25514.7;25512.8;0.30265948;20;red
2023-10-11 16:14:00;25514.8;25516.4;25514.7;25515.2;25516.1;5.59071269;20;green
2023-10-11 16:15:00;25515.2;25529.3;25514.8;25514.8;25517.4;2.51374131;29;red
2023-10-11 16:16:00;25514.8;25522.2;25514.8;25522.1;25515.5;1.05580267;20;green
2023-10-11 16:17:00;25522.2;25527.9;25520.2;25527.9;25522.4;0.15410563;16;green
2023-10-11 16:18:00;25523.7;25532.5;25519.9;25532.5;25522.6;0.30264553;21;green
2023-10-11 16:19:00;25531.5;25531.5;25518.8;25518.8;25528.8;0.15183724;26;red
2023-10-11 16:20:00;25518.8;25531.5;25511.4;25531.5;25522.5;0.28356024;20;green
2023-10-11 16:21:00;25536.1;25542.4;25536.1;25538.1;25538.8;1.69576220;38;green
2023-10-11 16:22:00;25534.0;25536.9;25529.2;25529.2;25531.6;0.33244765;16;red
2023-10-11 16:23:00;25529.1;25544.8;25526.7;25537.4;25543.1;10.75728365;35;green
2023-10-11 16:24:00;25532.4;25532.4;25515.1;25515.1;25529.6;9.70511615;21;red
2023-10-11 16:25:00;25515.0;25515.0;25504.9;25504.9;25507.9;0.11420197;28;red
2023-10-11 16:26:00;25501.1;25501.1;25487.4;25493.8;25494.3;3.89078112;67;red
2023-10-11 16:27:00;25488.3;25488.3;25478.0;25478.1;25481.7;0.60113558;34;red
2023-10-11 16:28:00;25478.1;25478.1;25475.6;25475.7;25476.7;0.07293766;12;red
2023-10-11 16:29:00;25475.7;25476.0;25466.7;25466.7;25475.3;0.66797558;27;red
2023-10-11 16:30:00;25466.7;25472.6;25461.7;25469.4;25464.1;2.39817958;29;green
2023-10-11 16:31:00;25466.7;25480.1;25466.7;25480.1;25469.5;0.84348182;14;green
2023-10-11 16:32:00;25490.9;25495.6;25483.9;25493.7;25492.1;1.44329870;23;green
2023-10-11 16:33:00;25494.2;25494.2;25490.2;25490.2;25493.0;1.01642126;21;red
2023-10-11 16:34:00;25490.2;25490.3;25487.5;25487.6;25488.0;0.44060794;23;red
2023-10-11 16:35:00;25487.6;25494.7;25485.2;25485.2;25491.4;0.40648034;16;red
2023-10-11 16:36:00;25485.1;25485.2;25478.3;25481.6;25481.9;6.49004721;22;red
2023-10-11 16:37:00;25483.2;25483.2;25483.2;25483.2;25483.2;0.01336159;2;green
